exact_deletion_id	junction_id	sample	species	read_id	deletion_id	left_breakpoint	right_breakpoint	deleted_size	wraps_origin	deleted_interval	reported_left_breakpoint	reported_right_breakpoint	reported_deleted_size	canonical_orientation	left_anchor_length	right_anchor_length	min_anchor_length	strand	source	rotation_name	rotation_start	raw_left_breakpoint	raw_right_breakpoint	left_mapq	right_mapq	min_mapq	query_overlap_bp	query_gap_bp
mtDel_11006_11141_00134	mtDel_11006_11141_00134	HDFn	human	LH00306:140:22HH3GLT3:6:1106:25095:27373	mtDel_11006_11141_00134	11006	11141	134	no	11007-11140	11141	11006		reversed_to_shorter_interval	69	90	69	+	minimap2_split_alignment	half	8285	2857	2722	60	60	60	9	0
mtDel_11006_11141_00134	mtDel_11006_11141_00134	HDFn	human	LH00306:140:22HH3GLT3:6:1106:25105:27389	mtDel_11006_11141_00134	11006	11141	134	no	11007-11140	11141	11006		reversed_to_shorter_interval	69	90	69	+	minimap2_split_alignment	half	8285	2857	2722	60	60	60	9	0
mtDel_11006_11141_00134	mtDel_11006_11141_00134	HDFn	human	LH00306:140:22HH3GLT3:6:1118:31577:27421	mtDel_11006_11141_00134	11006	11141	134	no	11007-11140	11141	11006		reversed_to_shorter_interval	84	75	75	+	minimap2_split_alignment	half	8285	2857	2722	60	60	60	9	0
mtDel_11006_11141_00134	mtDel_11006_11141_00134	HDFn	human	LH00306:140:22HH3GLT3:6:1147:20389:9828	mtDel_11006_11141_00134	11006	11141	134	no	11007-11140	11141	11006		reversed_to_shorter_interval	61	98	61	+	minimap2_split_alignment	half	8285	2857	2722	46	60	46	9	0
mtDel_11006_11141_00134	mtDel_11006_11141_00134	HDFn	human	LH00306:140:22HH3GLT3:6:1148:28174:25850	mtDel_11006_11141_00134	11006	11141	134	no	11007-11140	11141	11006		reversed_to_shorter_interval	56	103	56	+	minimap2_split_alignment	half	8285	2857	2722	40	60	40	9	0
mtDel_11006_11141_00134	mtDel_11006_11141_00134	HDFn	human	LH00306:140:22HH3GLT3:6:1160:47573:2811	mtDel_11006_11141_00134	11006	11141	134	no	11007-11140	11141	11006		reversed_to_shorter_interval	84	75	75	+	minimap2_split_alignment	half	8285	2857	2722	60	54	54	9	0
mtDel_11006_11141_00134	mtDel_11006_11141_00134	HDFn	human	LH00306:140:22HH3GLT3:6:1160:48765:18849	mtDel_11006_11141_00134	11006	11141	134	no	11007-11140	11141	11006		reversed_to_shorter_interval	34	125	34	+	minimap2_split_alignment	half	8285	2857	2722	11	60	11	9	0
mtDel_11006_11141_00134	mtDel_11006_11141_00134	HDFn	human	LH00306:140:22HH3GLT3:6:1162:48405:15853	mtDel_11006_11141_00134	11006	11141	134	no	11007-11140	11141	11006		reversed_to_shorter_interval	79	80	79	+	minimap2_split_alignment	half	8285	2857	2722	60	48	48	9	0
mtDel_11006_11141_00134	mtDel_11006_11141_00134	HDFn	human	LH00306:140:22HH3GLT3:6:1164:41147:12888	mtDel_11006_11141_00134	11006	11141	134	no	11007-11140	11141	11006		reversed_to_shorter_interval	68	91	68	+	minimap2_split_alignment	half	8285	2857	2722	60	60	60	9	0
mtDel_11006_11141_00134	mtDel_11006_11141_00134	HDFn	human	LH00306:140:22HH3GLT3:6:1183:40351:3980	mtDel_11006_11141_00134	11006	11141	134	no	11007-11140	11141	11006		reversed_to_shorter_interval	71	81	71	+	minimap2_split_alignment	half	8285	2857	2722	60	60	60	9	0
mtDel_11006_11141_00134	mtDel_11006_11141_00134	HDFn	human	LH00306:140:22HH3GLT3:6:1190:3293:3115	mtDel_11006_11141_00134	11006	11141	134	no	11007-11140	11141	11006		reversed_to_shorter_interval	79	80	79	+	minimap2_split_alignment	half	8285	2857	2722	60	60	60	9	0
mtDel_11006_11141_00134	mtDel_11006_11141_00134	HDFn	human	LH00306:140:22HH3GLT3:6:1194:14157:13193	mtDel_11006_11141_00134	11006	11141	134	no	11007-11140	11141	11006		reversed_to_shorter_interval	78	81	78	+	minimap2_split_alignment	half	8285	2857	2722	60	60	60	9	0
mtDel_11006_11141_00134	mtDel_11006_11141_00134	HDFn	human	LH00306:140:22HH3GLT3:6:1201:31919:20483	mtDel_11006_11141_00134	11006	11141	134	no	11007-11140	11141	11006		reversed_to_shorter_interval	73	86	73	+	minimap2_split_alignment	half	8285	2857	2722	60	60	60	9	0
mtDel_11006_11141_00134	mtDel_11006_11141_00134	HDFn	human	LH00306:140:22HH3GLT3:6:1202:27647:24264	mtDel_11006_11141_00134	11006	11141	134	no	11007-11140	11141	11006		reversed_to_shorter_interval	56	103	56	+	minimap2_split_alignment	half	8285	2857	2722	40	60	40	9	0
mtDel_11006_11141_00134	mtDel_11006_11141_00134	HDFn	human	LH00306:140:22HH3GLT3:6:1212:39834:4365	mtDel_11006_11141_00134	11006	11141	134	no	11007-11140	11141	11006		reversed_to_shorter_interval	68	91	68	+	minimap2_split_alignment	half	8285	2857	2722	60	60	60	9	0
mtDel_11006_11141_00134	mtDel_11006_11141_00134	HDFn	human	LH00306:140:22HH3GLT3:6:1224:22997:1561	mtDel_11006_11141_00134	11006	11141	134	no	11007-11140	11141	11006		reversed_to_shorter_interval	53	106	53	+	minimap2_split_alignment	half	8285	2857	2722	39	60	39	9	0
mtDel_11006_11141_00134	mtDel_11006_11141_00134	HDFn	human	LH00306:140:22HH3GLT3:6:1225:3922:4525	mtDel_11006_11141_00134	11006	11141	134	no	11007-11140	11141	11006		reversed_to_shorter_interval	79	80	79	+	minimap2_split_alignment	half	8285	2857	2722	60	48	48	9	0
mtDel_11006_11141_00134	mtDel_11006_11141_00134	HDFn	human	LH00306:140:22HH3GLT3:6:1235:16191:21621	mtDel_11006_11141_00134	11006	11141	134	no	11007-11140	11141	11006		reversed_to_shorter_interval	78	81	78	+	minimap2_split_alignment	half	8285	2857	2722	60	60	60	9	0
mtDel_11006_11141_00134	mtDel_11006_11141_00134	HDFn	human	LH00306:140:22HH3GLT3:6:1236:7861:15292	mtDel_11006_11141_00134	11006	11141	134	no	11007-11140	11141	11006		reversed_to_shorter_interval	53	106	53	+	minimap2_split_alignment	half	8285	2857	2722	39	60	39	9	0
mtDel_11006_11141_00134	mtDel_11006_11141_00134	HDFn	human	LH00306:140:22HH3GLT3:6:1252:2461:15772	mtDel_11006_11141_00134	11006	11141	134	no	11007-11140	11141	11006		reversed_to_shorter_interval	62	97	62	+	minimap2_split_alignment	half	8285	2857	2722	60	60	60	9	0
mtDel_11006_11141_00134	mtDel_11006_11141_00134	HDFn	human	LH00306:140:22HH3GLT3:6:1252:2498:15772	mtDel_11006_11141_00134	11006	11141	134	no	11007-11140	11141	11006		reversed_to_shorter_interval	62	97	62	+	minimap2_split_alignment	half	8285	2857	2722	60	60	60	9	0
mtDel_11006_11141_00134	mtDel_11006_11141_00134	HDFn	human	LH00306:140:22HH3GLT3:6:1255:10903:11463	mtDel_11006_11141_00134	11006	11141	134	no	11007-11140	11141	11006		reversed_to_shorter_interval	78	81	78	+	minimap2_split_alignment	half	8285	2857	2722	60	60	60	9	0
mtDel_11006_11141_00134	mtDel_11006_11141_00134	HDFn	human	LH00306:140:22HH3GLT3:6:1258:34277:2298	mtDel_11006_11141_00134	11006	11141	134	no	11007-11140	11141	11006		reversed_to_shorter_interval	79	80	79	+	minimap2_split_alignment	half	8285	2857	2722	60	48	48	9	0
mtDel_11006_11141_00134	mtDel_11006_11141_00134	HDFn	human	LH00306:140:22HH3GLT3:6:1259:9090:22582	mtDel_11006_11141_00134	11006	11141	134	no	11007-11140	11141	11006		reversed_to_shorter_interval	76	83	76	+	minimap2_split_alignment	half	8285	2857	2722	60	60	60	9	0
mtDel_11006_11141_00134	mtDel_11006_11141_00134	HDFn	human	LH00306:140:22HH3GLT3:6:1261:7241:1593	mtDel_11006_11141_00134	11006	11141	134	no	11007-11140	11141	11006		reversed_to_shorter_interval	79	80	79	+	minimap2_split_alignment	half	8285	2857	2722	60	60	60	9	0
